id,title,date,time,duration
rfxybiIJ4kdOl_0Twq8HagmHxkk,11-3-2033 mom unburdening and history,"Thu, Nov 3, 2022",5:36 PM,31 min
dV7KjBy8plOtCsrpb_0CeMYocnU,11-3-2022 Chantal therapy session,"Thu, Nov 3, 2022",3:06 PM,12 min
CXa6yFM3YsuEQm7rpp_ne6m3Utg,11-2-2022 the madrigal and mundo,"Wed, Nov 2, 2022",7:55 PM,17 min
l5vnZXL4LitNh30rmVb3KuII9qY,10-31-2022 Howard coaching session,"Mon, Oct 31, 2022",6:06 PM,3 min
21gjCWUonIwSVpIyDCSH9x8x04o,10-27-2022 Chantal therapy session,"Thu, Oct 27, 2022",3:03 PM,23 min
pvRiMexEKa2ANfV1j3K7eXmcYUI,10-27-2022 2 minute tft,"Thu, Oct 27, 2022",10:08 AM,9 min
LOOVxAhOV75DaDVhMFC6qnJXpYI,10-23-2022 post m+v wedding Weekend,"Sun, Oct 23, 2022",11:48 AM,1 h 4 min
p61DUoYY_Iwz7eWOQWOa71SRRe8,10-20-2022 Chantal therapy session,"Thu, Oct 20, 2022",3:03 PM,9 min
iH6iDRUx4tgmE1QoTi1k5n9wHMk,10-19-2022 humphry slocombe,"Wed, Oct 19, 2022",2:59 PM,6 min
emX-DUnDWMFk_VcoAy1zi2ZqIjo,"10-17-2022 frustrations with grandpa and real estate work, parts","Mon, Oct 17, 2022",3:16 PM,15 min
JkfSu6XDP75d00Lw_si1qScg8hs,10-13-2022 Chantal therapy session,"Thu, Oct 13, 2022",3:03 PM,15 min
gt7I8-V3eSo-BlQOyy9ryzBE2vA,"10-7-2022 more rider thoughts, emotional","Fri, Oct 7, 2022",3:44 PM,16 min
yzfmVSKUYuVhZSMSOEDDzSiX2is,"10-7-2022 backpacking cancellation and attempts to make it work, sunk cost, etc","Fri, Oct 7, 2022",2:58 PM,28 min
r21B6Q_cm05rWOsE2fdXXKxwLsU,10-6-2022 Chantal therapy session,"Thu, Oct 6, 2022",3:05 PM,11 min
iaGmh91h_LMRQisx5tmeFVoxNFY,marcia besharam night,"Wed, Oct 5, 2022",9:49 PM,9 min
oZa7HVzXPPVG9_4UXhTgcse_Zis,10-3-2022 bar and entry thoughts,"Mon, Oct 3, 2022",12:50 PM,14 min
tlRPIjE-JayXjXqHU6FGUMVqzv8,10-2-2022 gio pt reyes day,"Sun, Oct 2, 2022",6:37 PM,29 min
HhPlRo51SUgyUJtBuhnknTQs0fo,9-29-2022 chantal therapy session,"Thu, Sep 29, 2022",3:03 PM,14 min
97FEDasznOG_Anm642Q7SCl7NHs,9-28-2022 self ifs session,"Wed, Sep 28, 2022",8:18 PM,16 min
yV0wPdLZqW8Vy_V8lEtyxdH_4oM,9-26-2022 ifs and-or feeling insights,"Mon, Sep 26, 2022",7:56 PM,14 min
04QdjlNGELzCkwcKLN13WR5zSRc,9-25-2022 Ben point Reyes,"Sat, Sep 24, 2022",11:07 AM,28 min
DZc9JPMabyjXVAABcKOoAdHGHxo,9-22-2022 chantal therapy session,"Thu, Sep 22, 2022",3:01 PM,14 min
o1ahFuM32msqb5PLj4I3ov4tkx8,9-20-2022 salt and straw,"Tue, Sep 20, 2022",2:57 PM,6 min
1qxIza9ShVvm49vZL98qKxW9We8,9-16-2022 date with gio and sister restaurant,"Fri, Sep 16, 2022",10:06 PM,15 min
Ia6QFntZv6g6ou-2cQRvq8fQkzM,9-15-2022 chantal therapy session,"Thu, Sep 15, 2022",3:05 PM,19 min
JhnAjZubqGYVZgxZwSNrC2Gz01I,9-14-2022 Fern Bar with Mick,"Wed, Sep 14, 2022",8:32 PM,23 min
ot0FN-BXBF6iM2pXUfabBP542wk,9-14-2022 mom day,"Wed, Sep 14, 2022",6:25 PM,10 min
rzkxO702TzjPRfs-KGrBCj-L0qY,9-14-2022 khom loi restaurant lunch,"Wed, Sep 14, 2022",2:03 PM,17 min
ipPhlLIvyS0iHzvxcZ8W43rdx-A,9-12-2022 thoughts on the value of thoughts,"Wed, Sep 14, 2022",10:37 AM,11 min
LV4U6w-wZGmq-kdIC-VfmJVwPy0,9-11-2022 mvwedding batching 1,"Sun, Sep 11, 2022",5:15 PM,21 min
bFjUbLtqPU1JSZUhYDZuzpat_sU,9-10-2022 self ifs session,"Sat, Sep 10, 2022",8:00 PM,18 min
t6kSGs88JDK2kb1DwTFrvVons4Q,9-8-2022 infusion notes,"Thu, Sep 8, 2022",4:18 PM,3 min
r_uduAYwLSyej0pVA3ea7BikGOc,date with gio,"Wed, Sep 7, 2022",10:16 PM,8 min
S48h59jOPBBg5fjmhUF38T2aYq8,9-6-2022 self ifs session,"Tue, Sep 6, 2022",7:32 PM,24 min
lmhdiASNpB2jra0koetZOD8xZeQ,9-1-2022 Chantal therapy session,"Thu, Sep 1, 2022",3:03 PM,20 min
cmlWnb8RvwsuMEDMi9C-8pS9O9I,8-29-22 abv,"Mon, Aug 29, 2022",7:19 PM,20 min
wPIDQNuzlzOU_s_-8_gijJ4kPMo,8-29-22 salt and straw,"Mon, Aug 29, 2022",12:46 PM,7 min
Un5ESAJ2gRFlwIYVatPpbgx0D64,chantal therapy session 8-25-22,"Thu, Aug 25, 2022",3:03 PM,15 min
ahRWY83KT-X_sxSg8Z8lYHNw8Aw,Mick's birthday and inca Peruvian,"Mon, Aug 22, 2022",9:07 PM,14 min
bHaQkffpYjjVk3PD6ZLZj25dTZQ,humphry slocombe churron,"Fri, Aug 19, 2022",3:26 PM,6 min
fWbejl2S1vhga5JOO6EXCeM99Ic,Chantal therapy session 8-18-22,"Thu, Aug 18, 2022",3:01 PM,23 min
ShtNJa9NYMmUhErzrRt8FyP1qzk,"ifs self therapy test two, week two","Wed, Aug 17, 2022",7:17 PM,15 min
G3ZKgO14o0OefwHpedLcYba9vis,new thoughts on home bar heroes,"Sat, Aug 13, 2022",8:51 PM,8 min
mhk2zgvetyYkLObIDdvAT0wYuds,sister Oakland,"Thu, Aug 11, 2022",7:46 PM,27 min
G3gzy7ET7d80sw5wlZVJQrsgqWA,Chantal therapy session 8-11-22,"Thu, Aug 11, 2022",3:04 PM,4 min
nHht-HUvTdcP0cxf8k7T4RdkslI,ifs self therapy free form test 1,"Thu, Aug 11, 2022",1:49 PM,13 min
8_1GyZh0bczCxp1tPdu-nkwY-r4,Fresno and drive home,"Sun, Aug 7, 2022",7:39 PM,20 min
wHp4Wkt3igYnwrHChdH-D1tMfDg,orchard City 8-7-22,"Sun, Aug 7, 2022",7:15 PM,21 min
QNSl6eSFuzoukiGK8a5723iVDZc,Isaac's party and avram,"Sun, Aug 7, 2022",12:10 AM,15 min
Gcez2DFugxy4od8GnNdm-RIC2dg,frisbee with ben,"Fri, Aug 5, 2022",4:41 PM,4 min
N-VkhqtnHmxtMPSWgCNnXlqgJYA,chantal therapy session 8-4-2022,"Thu, Aug 4, 2022",3:03 PM,13 min
384W5p6ZiKFTALzk9_pFmc-iyB0,copas and marcia,"Wed, Aug 3, 2022",9:18 PM,22 min
hpWiOgEceTLU-gTjXR_fCHBKZSE,hike date with Charlotte,"Wed, Aug 3, 2022",11:02 AM,5 min
BJMMUf-9F6D8azWREXiwqvBxO4Y,reina river,"Sat, Jul 30, 2022",9:28 PM,12 min
6lM5R1Vz6EYLOmgUm6vCVFW6le4,"anxiety, social time, and whatnot","Fri, Jul 29, 2022",10:29 AM,17 min
9r21QwjtiKMJueBpChZb3rzJUuM,bay area house update,"Thu, Jul 28, 2022",11:45 AM,10 min
hdJ0ctNeQbnGeQYe8Q1nuPdvX_A,time management for mortals podcast thoughts,"Tue, Jul 26, 2022",11:46 AM,12 min
ojL5r0anfizjithcEhRXCBt_g_M,Chantal therapy session 7-21-22,"Thu, Jul 21, 2022",3:03 PM,20 min
D4tmwmLvyRykdNugR1TftTeswqs,"thoughts on pkm, fibery, etc","Tue, Jul 19, 2022",5:37 PM,27 min
wJZTVDbRV9MVCRNyF33-PSSlwV8,Otter_support_Rider,"Mon, Jul 18, 2022",8:02 AM,20 min
JvNJzaKrxVBDHZiaUC5cjDSxVTY,andrea and daytrip,"Sun, Jul 17, 2022",7:23 PM,13 min
MKTLFUifF6j4Lug2I59L1MjRzjs,chantal therapy session 7-14-22,"Thu, Jul 14, 2022",3:03 PM,18 min
kC58SdZfclyes9MX-bnJIOnfYkE,"thoughts on attraction, demiromanticism, etc","Wed, Jul 13, 2022",12:28 PM,29 min
TmamjWl2N38ffQxSDNqRrKcgrTs,goat day with vrie,"Sun, Jul 10, 2022",5:15 PM,20 min
jFN-x8v44duDHDi_6MZKbSg5bHU,Oliver hike and finances,"Sat, Jul 9, 2022",12:21 PM,5 min
WxUdQGrw1MIMuDoGRJk8a2JYkXI,Abby and Adam and cocktails,"Fri, Jul 8, 2022",9:41 PM,4 min
lgk4Ok3GYJoLdPVBsvVl1Apggt0,garden creamery,"Fri, Jul 8, 2022",6:19 PM,6 min
HCNvA-JcNs6b2o2qbT3i_0LGGfU,true laurel dinner,"Fri, Jul 8, 2022",5:53 PM,13 min
QsmrP6hdd-wbY9mxyPtrT-l4w6c,chantal therapy session 7-7-2022,"Thu, Jul 7, 2022",3:03 PM,18 min
hTcgBDSfqVvSRmwSbSUrJQ0QXhM,riders 4th of July,"Tue, Jul 5, 2022",12:44 PM,21 min
Yx7TszASCcKTT5_6aue9HMCZ8tc,Rider stay first night and next morning,"Mon, Jul 4, 2022",11:06 AM,13 min
vA3wTF86-c6-jhsdHE97nCZGJwg,Chantal therapy session 6-30-22,"Thu, Jun 30, 2022",3:07 PM,20 min
n2-ZfT_SN_7yY6dXA_mdJrj1WmQ,"wilsons, Regina, norah, oxbow","Sat, Jun 25, 2022",9:30 PM,27 min
abpkzwmOhagEu6Sm00NlMK4P80o,angela restaurant napa,"Sun, Jun 19, 2022",10:45 PM,20 min
fEibMOrwB-Qg_cPvoDWR0i2_DAw,brandi napa,"Sun, Jun 19, 2022",10:22 PM,22 min
cZER8aTeU2aAxsCaeL7m4E_PjyE,Chantal therapy session 6-16-2022,"Thu, Jun 16, 2022",3:06 PM,11 min
ijNqIHgoedEQ0oG8YgVrKzi1CHM,date with joanna and chezchez,"Tue, Jun 14, 2022",9:34 PM,25 min
octZ9KWoAieQ44qo2IUIpMWr1c4,craftsman and wolves lunch,"Tue, Jun 14, 2022",3:34 PM,4 min
YJHO-WIYeaDA8yY3zYX7BXrK0X4,logging and anna thoughts etc,"Tue, Jun 14, 2022",11:48 AM,15 min
v_2WkhZOv3uM4BUH0FYShN_xPI0,caz and time thoughts part 2,"Sat, Jun 11, 2022",10:53 AM,29 min
3F5YmdBvxWm_c237I05zJMKjmX0,"thoughts on time, Caz, etc","Sat, Jun 11, 2022",10:21 AM,29 min
QUcAzXxDThYScPuMkLejfXveh-s,Chantal therapy session 6-9-22,"Thu, Jun 9, 2022",3:03 PM,12 min
Pv8B9ABwqV-VheXAG43fwWB9Vxk,handline lunch June 22,"Mon, Jun 6, 2022",8:43 PM,4 min
av99RdBlCJ0XHDjbOmpvzLKqENo,nimble and finn june 6 22,"Mon, Jun 6, 2022",8:38 PM,4 min
A8zno0qBtp8zrLKM18nuDZK1-es,fern bar home June 22,"Mon, Jun 6, 2022",8:19 PM,12 min
ryFSE30Sr2LS0oPrTGwJ3NYOTg8,additional clickup feedback,"Mon, Jun 6, 2022",10:35 AM,9 min
xNCghx1rd3wlefQ_XumB10GL0Gs,"catch up with Abbey, hard times with Jaron","Fri, Jun 3, 2022",6:19 PM,20 min
6OHSwyLWYbYT4IUfDcArXJdv-Z8,chantal therapy session 6-2-22,"Thu, Jun 2, 2022",12:09 PM,16 min
LyChff5SGuljY8NGhycetNS30po,nimble and finns and the matheson,"Sun, May 29, 2022",8:25 PM,29 min
xZykrd-3bRc7nhLKcrr5qk26b_s,underwater dream,"Fri, May 27, 2022",4:01 AM,5 min
syVQCWqVKGhD0KpPtnDf1EwoaPg,Chantal therapy session 5-26-2022,"Thu, May 26, 2022",3:03 PM,25 min
bW99DPYzgpXxRxIm6yDq9fsEqCs,wedding and gv stay post mortem,"Sun, May 22, 2022",10:03 AM,26 min
c_BC6Ba7pWC1wMRD9e30cu87SeA,chanterelle and Gordon's wedding,"Sun, May 22, 2022",1:13 AM,10 min
5_HTd4FXWi1B-34kEanqODavOvc,dating app community and proj management,"Sat, May 21, 2022",1:02 PM,14 min
sfqQz6VtuYiRsox_j5IgZMABPL4,thoughts on real estate work options,"Thu, May 19, 2022",3:44 PM,16 min
NDu5KvwE1mXoUcQgvduCt5bXs7M,chantal therapy session 5-19-22,"Thu, May 19, 2022",3:09 PM,29 min
DX_5aNSGuL4dY5DzZKN77eYyuUc,chantal therapy session 5-12-2022,"Thu, May 12, 2022",3:07 PM,15 min
tccYdgyE4j3NYkV8xUTLbnrfEmM,first date with leah,"Mon, May 9, 2022",6:08 PM,10 min
VYVR0ZxKcNoaOKXscGmsZoK09y4,chantal therapy session 5-5-22,"Thu, May 5, 2022",3:05 PM,10 min
s9cNAdsreJSaWEl1F_5XeZI5StA,"mick tech job talk, Fern bar","Wed, May 4, 2022",8:39 PM,25 min
OgePKCH6hUFoQKHuvHUBSAGSqu4,land future and king ridge comments,"Wed, May 4, 2022",2:02 PM,6 min
m1Rjitcn2dB0-qJ9vkXKPcw12ws,"thoughts on cocktail codex, etc","Wed, May 4, 2022",11:16 AM,29 min
_RsU-ttRrKuEHkThweDrTBp98Ug,chantal therapy,"Thu, Apr 28, 2022",3:05 PM,4 min
lflfkjJ_7b6CmeHxcIMnVKeTycc,bret victor talk,"Tue, Apr 26, 2022",10:14 AM,17 min
S09AOTL-KwtziuDYaP7IxpqVu0w,chantal therapy session 4-21-22,"Thu, Apr 21, 2022",3:03 PM,19 min
HByLpWAQq1yknexkASXJJKWLSDE,orchard City kitchen 4-16-22,"Sat, Apr 16, 2022",7:34 PM,25 min
UIcBBzMQ7eFRsS0AbvJ_n9xUSjI,"the urge to document, travel feelings, etc","Thu, Apr 14, 2022",10:31 AM,26 min
KigbumDhBj3OPPlHTsvZ4bFrgRM,Amber Mark April '22,"Wed, Apr 13, 2022",11:00 PM,11 min
6cHYe22AfcN2xReBcwL07rAbJXs,horsefeather dinner april '22,"Wed, Apr 13, 2022",8:01 PM,15 min
TgUnllSu6_r6fC-KYmwOuuOXfjA,sf day part one and 4505,"Wed, Apr 13, 2022",1:47 PM,13 min
i4RyDwwzZbQ-QvyHgbge11ueOFo,chantal therapy session 4-7-22,"Thu, Apr 7, 2022",3:02 PM,20 min
zSBgH_Kx1DM4TFsw16maY79q4Kk,pastry sharing day with veronica and friend,"Fri, Apr 1, 2022",7:37 PM,25 min
wKieZHxDU5h_XzZhPBlI3cTcRKA,chantal therapy session 3-31-22,"Thu, Mar 31, 2022",3:06 PM,11 min
BDSTdA7dSSSiumShRUpfJketlb0,orchard City kitchen march 2022,"Sun, Mar 27, 2022",7:47 PM,25 min
iC8yXsLmD3UccUWE53eFxwBFoaU,"almond and oak, plus custom sofa","Thu, Mar 24, 2022",6:35 PM,25 min
cGlDHWwqRKPXfvwnecrk1L6s0DA,chantal therapy session 3-24-22,"Thu, Mar 24, 2022",3:04 PM,16 min
CUr4hK0jWYU_Voa2hQEEIahC3mU,"dinner with Marcia, social","Sun, Mar 20, 2022",9:58 PM,18 min
v8PUqLziAODegOPWpveQ7GupYkM,pomet with Marcia,"Sun, Mar 20, 2022",9:11 PM,12 min
pS3V4V3AC3a3IiKdOe7ofLmFHKU,dating dao and highest uses of my time,"Fri, Mar 18, 2022",3:41 PM,29 min
iDZHu-4_XUuEErR6NZT3jmlupDc,ampersand march 2022,"Fri, Mar 18, 2022",2:28 PM,7 min
U3zDATjqUctvr2fQyXw8XcKiPfY,street social petaluma,"Sat, Mar 12, 2022",9:10 PM,21 min
VCTlYXYnpHATJkPtcPc2bZ6JwLs,Sonoma county birthday in the park 2022,"Sat, Mar 12, 2022",6:24 PM,16 min
GGZYkCDUxNpzZNdLkcoPllUkOMc,chantal therapy session 3-10-22,"Thu, Mar 10, 2022",3:11 PM,16 min
tY2Cgf2nlLzkOiK63yVQrfsBH4M,tailors son with Oliver and Victoria,"Mon, Mar 7, 2022",10:24 PM,23 min
JtpdwLLtSheg6Ffv-iFTLGklA-g,Chantal therapy 3-3-2022,"Thu, Mar 3, 2022",2:56 PM,30 min
eoktv4KduhFFhvnhS-buxEZY8gQ,thoughts on accounting and resistance to some for help,"Tue, Mar 1, 2022",4:09 PM,12 min
2uU6Eb6-e9VK6nvaDClddtv4BCg,Chantal therapy session 2-24-22,"Thu, Feb 24, 2022",2:55 PM,14 min
aOZgvj9Rl_jQjxj3d_8mTy1X8xA,"cats and cocktails party with ginger, Chris, etc","Wed, Feb 23, 2022",11:55 PM,16 min
ROs-iIbz4Agtrm4uKJHPjRwBv-s,Anytype frustration and deciding whether to quit,"Tue, Feb 22, 2022",10:42 AM,30 min
uULR8Jn2XBTFV2tpZJ3Af3JTgho,ADHD productivity video,"Fri, Feb 4, 2022",9:38 AM,18 min
6UO7xascRGQ1sa52yNanaIowzOk,date with Annie,"Wed, Feb 2, 2022",9:00 PM,8 min
0j2gn_MSVzTCA1jUHOiga5h9t4E,Chantal therapy 1-27-22,"Thu, Jan 27, 2022",2:52 PM,17 min
a7z9wjk-LB1_JfXqbKPWT_SHU4k,Sonia conversation 1-24-22,"Mon, Jan 24, 2022",9:03 PM,10 min
fgOhD4MIFpfsHTi2iJ26FAr-HXU,chantal therapy session 1-20-2022,"Thu, Jan 20, 2022",2:53 PM,16 min
XBDh05HWowXVFFV79n0z6bkcPZw,continuum of data rep part 2,"Mon, Jan 17, 2022",10:55 PM,11 min
ryWEhMSFIOAtzvIu5zuLYRIjqVc,chantal therapy session 1-13-22,"Thu, Jan 13, 2022",2:53 PM,13 min
x7Ho5P3Ogk4aUnS_7jG-THYkyh8,chantal therapy session 1-6-2022,"Thu, Jan 6, 2022",2:54 PM,13 min
-W8zEkQB6i3zkQhzF8Z7WZBXusw,chantal therapy 12-30-21,"Thu, Dec 30, 2021",2:53 PM,11 min
PlgPQwb8Heor8k2rLiyUnhhiZL0,Chantal therapy 12-23-21,"Thu, Dec 23, 2021",3:01 PM,16 min
7cNijPxDvfhdXrzy4ECJoxx36xQ,Chantal IFS therapy 12-16-2021,"Thu, Dec 16, 2021",2:57 PM,10 min
SY5db71HXuVfyLsDZvGkMlusCoQ,salt and straw December 2021,"Tue, Dec 14, 2021",8:26 PM,5 min
KuKYokFnexeUw4cSWZMRUqRPOsY,nopa solo dinner,"Tue, Dec 14, 2021",8:03 PM,11 min
BJTSkwrzLahq4HQ3-qqi1P78E_A,chantal therapy session 12-9-21,"Thu, Dec 9, 2021",2:54 PM,13 min
lh7-inXJfXGxhiPCLfcGKw92IHc,Dear San Francisco,"Wed, Dec 8, 2021",10:13 PM,12 min
i6u3I2ft2sjog_AnQy3wCsYOcFc,red window,"Wed, Dec 8, 2021",9:49 PM,23 min
Ajpmh150LPVaxVJjaks5DRfsTPo,dream,"Sun, Dec 5, 2021",7:12 AM,4 min
4vkwfiyFYbJeJe2IqE6tfJo-4ok,Note,"Thu, Dec 2, 2021",2:55 PM,27 min
XXJiNSsQnqw_11fE9KfZNNkSr0o,ock November 29 2021,"Mon, Nov 29, 2021",8:40 PM,29 min
X4zsXwyjO0887mwWIwRJxEM71vo,friendsgiving 2021,"Thu, Nov 25, 2021",10:40 PM,21 min
HYofLeW4qA-vBu-rKaAiMFfj4y8,Note,"Wed, Nov 24, 2021",11:26 AM,20 min
kS9WPCasVZhf6-hpyiZLCps05l8,Matt therapy session 11-22-21 final,"Mon, Nov 22, 2021",5:00 PM,28 min
dTNMpXQ-vah9rr6RU-IJPEWt8jY,chantal therapy 11-18-21,"Thu, Nov 18, 2021",2:55 PM,31 min
PpsxwMJXRE679UjgJGIf8dWM3Hs,chantal therapy 11-11-21,"Thu, Nov 11, 2021",3:12 PM,11 min
rTOSHInj0Msrsl1oS65_3TeoqMc,liholiho and Oliver and Victoria,"Wed, Nov 10, 2021",9:19 PM,20 min
cwWI4rNKpufSBJsFPr7VMC4z0KM,Matt therapy 11-8-21,"Mon, Nov 8, 2021",4:54 PM,29 min
lgoCQp4JPGCFE4tUD63HR3yMMVY,the beehive and salt and straw,"Thu, Nov 4, 2021",8:43 PM,23 min
LJjV-Y1EyqjZiExvT0dPEB9jy8I,the beehive 11-4-21,"Thu, Nov 4, 2021",8:15 PM,12 min
Svu08T-moj_tE7DUJ_w6bISD6js,dinner at vrie and Mike's with Blake and Alissa,"Fri, Oct 29, 2021",11:14 PM,12 min
M7zUS3nH9xUExeL7YVDxGw9YcSI,Chantal therapy session 10-28-21,"Thu, Oct 28, 2021",2:53 PM,10 min
5FqklxdH-xI4uCyZMus4Ab7FqSs,Matt therapy session 10-25-21,"Mon, Oct 25, 2021",4:56 PM,19 min
fa2am7vHaByAzq0sv-D8h0hyBCQ,Chantal therapy notes 10-21-21,"Thu, Oct 21, 2021",3:46 PM,5 min
MfsPlsX1KCoBK7naoGUrhsaHqAI,real estate browser flow,"Sat, Oct 16, 2021",11:20 AM,21 min
Ris0xv3btcqtJv7H8FPMkDj6h3w,chantal therapy session 10-14-21,"Thu, Oct 14, 2021",3:01 PM,4 min
JEytkQNakLdLEyuujWWj8CglKgg,Matt therapy notes 10-11-21,"Mon, Oct 11, 2021",5:02 PM,8 min
7Jpe2BLS_HcvnYKqySjSQedqJ9Q,Oregon trip fall 2021,"Sat, Oct 9, 2021",10:12 AM,37 min
mS0oLsRJ-kyu2xgVOxANBDsvUoE,stillwater and deep woods spirits,"Fri, Oct 8, 2021",6:53 PM,16 min
paf6dV6EpgBDYvERN8VvYdyWx3Q,elixir tasting,"Mon, Oct 4, 2021",3:00 PM,10 min
mbW9rt80ij-EhzGhFxp1FU_m1FA,crottys meeting,"Thu, Sep 30, 2021",8:30 PM,3 min
bPBWKMGdxahsxS4Aag3FpZFTueY,ifs therapy with chantal 9-30-21,"Thu, Sep 30, 2021",3:03 PM,17 min
8Xp7B5qt0KfsRb-K1iShpM7TXWI,custom sofa tech 1,"Tue, Sep 28, 2021",6:47 PM,5 min
eHIHhAv7rjCqAyWLBZBgZQBZksc,Matt therapy session 9-27-21,"Mon, Sep 27, 2021",4:54 PM,7 min
WnRBbD48ZLQcTeLTuflefFyWxAI,chantal therapy session 9-23-21,"Thu, Sep 23, 2021",2:55 PM,13 min
w9PIdybD7vYo15AoN15dTe3tDvc,Chantal therapy session 9-16-21,"Thu, Sep 16, 2021",3:01 PM,13 min
XS9lhNyokwjIG6IpGbzMMQhzQok,Matt therapy session 9-13-21,"Mon, Sep 13, 2021",4:56 PM,16 min
P0DXHsRlpPdAQejrTuRKLVxMOnw,date with tera,"Sat, Sep 11, 2021",5:50 PM,19 min
XJ-8e35xfh5T0tcrRxjRyXTDwEA,Matt therapy session 8-30-21,"Mon, Aug 30, 2021",4:59 PM,17 min
UrtGosUIxmEAXy4pvZTxnwmW6S4,notes on i annotate 2021 video,"Sat, Aug 28, 2021",9:23 PM,32 min
H5lABLzjLS4PBd0E-Ylgg3fe5pE,blakes bday party and not too sweet pastries,"Sat, Aug 28, 2021",7:50 PM,18 min
k8fBrVwZ2o4UoKCj3n4WS6XTdlE,Vrie and Mike Sunday out,"Sun, Aug 8, 2021",8:56 PM,34 min
q1ySXNeHvQtmyWZvcm1eP1SJfPA,Matt therapy notes 8-2-21,"Mon, Aug 2, 2021",4:57 PM,17 min
uQpx5dzSWdrs1qf0wUaOUxPV84E,Matt therapy notes 7-19-21,"Mon, Jul 19, 2021",5:00 PM,21 min
iu39QpWgwpzSil68OOnV1VpqSok,Abbey walk 7-15-21,"Thu, Jul 15, 2021",3:35 PM,17 min
zzlgFhXAguDdq7N_hXO18CC26A4,hike date with phuong and Humphrey slocombe,"Wed, Jul 14, 2021",3:23 PM,14 min
ze6mrzhVZMlQFX4h_FYvewV2t6g,Garth memorial day 7/10/21,"Sat, Jul 10, 2021",10:47 PM,20 min
xMkxFcEugVxk5a8fcCWGvj506AU,date with Phuong,"Thu, Jul 8, 2021",9:19 PM,27 min
VnbrgIjlZJJ-8DnGLlQ9XXQycUg,Matt therapy session 7/6/21,"Tue, Jul 6, 2021",12:55 PM,18 min
2dQg5R5qWmaJzq9p66rt9yTytyk,rider 4th of July day one,"Sat, Jul 3, 2021",9:10 PM,30 min
RTAF2bkUHVyZdYXOtlyy2hOXplc,Abbey walk two,"Fri, Jul 2, 2021",12:58 PM,17 min
_h9vxAac7i_N-PC6Q1jjrCBjFn0,"lunch with Renata, dinner at Mike and vries","Wed, Jun 30, 2021",11:49 PM,23 min
fbQHUY8CeMu3f1KT93FlCcmwKyE,Matt therapy 6-21-21,"Mon, Jun 21, 2021",4:57 PM,10 min
1dzVVl37qiA8c-Jls1DSyObsK0I,Mick Oregon road trip 3,"Fri, Jun 18, 2021",2:23 PM,31 min
L-qnw_mmdL5DGOv_P2Dw-3mWxiU,Mick Oregon trip 2,"Thu, Jun 17, 2021",4:39 PM,15 min
07faFu_qg52VdTNb6Dg0Q44U0n8,Mick Oregon trip wrap up,"Thu, Jun 17, 2021",3:59 PM,37 min
Pty-77rXWYihM3_0joGPDFkYKUE,"Abbey walk 1 pt2, 6-5-21","Sat, Jun 5, 2021",7:11 PM,14 min
sbPRRuaqhzLBel0knvJkfHKhSIA,"Abbey walk 1, 6-5-21","Sat, Jun 5, 2021",6:46 PM,12 min
KVKmAvaUCA6RUMgfvIJ7i8uqcuI,abby and Adam dinner,"Sat, May 29, 2021",10:35 PM,9 min
HqObJGxtuxeaS0aLlQDo0UqvDQ0,Matt therapy 5-24-21,"Mon, May 24, 2021",4:53 PM,15 min
d_HqJSeNu79zTlFZVlbFcyuGoaw,willowood lunch,"Thu, May 13, 2021",2:56 PM,9 min
2Gd4tsIhjl_ulRZDNbhbdu5b8nE,matt therapy notes 5-10-21,"Mon, May 10, 2021",4:58 PM,14 min
nVG2cMP_i2hrYLswx3TRPjrKH2Y,day in marin with Christine,"Fri, May 7, 2021",7:59 PM,23 min
oKGC2oM0qiOAw2-S3PJknR805CM,Lunch with Jeff Atwood,"Thu, May 6, 2021",12:38 PM,6 min
OFHUb77b59kNqlmzIL4i7k2OFSc,Mike and vrie brunch birthday,"Sun, Mar 7, 2021",12:57 PM,11 min
Zy2QgnfJbwWdHO9u1aB_mOhB8tk,feelings about oakland hills house,"Wed, Mar 3, 2021",4:04 PM,14 min
txku7cZaDJqQ26SkTeRFGBxO4y0,quick digital garden thoughts,"Fri, Feb 19, 2021",11:13 PM,3 min
ivyA0W9aHRlX-MRAgHRWRZ5pvWQ,Matt therapy notes 2-15-21,"Mon, Feb 15, 2021",4:55 PM,30 min
b2WaS54E3Qtc5WhJYWVj3p9PAU0,oliver house advice,"Sat, Jan 30, 2021",5:55 PM,15 min
44zWyQwK7i5E05JQyM_sT7KUgvc,cocktail syrup episode ideas,"Thu, Jan 28, 2021",11:49 PM,4 min
kVFR5_0t4KvvgYRDp85rFBBxESQ,procrastination,"Wed, Jan 20, 2021",3:10 PM,12 min
w6ydXkhVIdON9UHO2G7LFL-vvww,matt therapy notes 1-4-21,"Mon, Jan 4, 2021",5:02 PM,10 min
8MJ35IhA02Ez6H8G2KCCUL3aZyA,more thoughts on an uber app,"Wed, Dec 30, 2020",12:07 AM,6 min
SauLM0z07-dTcRbWzQC6IPXtxo0,Christmas eve day with mom,"Thu, Dec 24, 2020",5:06 PM,14 min
aMfv5dmc4u4hKxm7inerjZGxtC0,"sf day, Sonia, le marais","Thu, Dec 17, 2020",5:01 PM,27 min
nasaruTxlxDawjyWERvWRrH9H54,isaac Fresno trauma conversation 2,"Sun, Dec 6, 2020",6:11 PM,19 min
rSUGV4XxPmS1GYA4nVUqyhinlhg,isaac Fresno trauma conversation 1,"Sun, Dec 6, 2020",5:43 PM,10 min
dpUvzzjjEQv_Q09BT0izm597oKE,random uber system ideas,"Mon, Nov 23, 2020",8:18 PM,17 min
sYIEecbWYUZXo0EYBC67oJHtsc8,matt therapy notes 11-23-20,"Mon, Nov 23, 2020",5:43 PM,10 min
YxLXYLiI6lRLeQr2ojbGmUn-v-M,matt therapy notes 11-9-20,"Tue, Nov 10, 2020",8:45 PM,5 min
tLg2-FeNf4HggU8UdS1IEn_6MbM,Matt therapy notes 10-26-20,"Mon, Oct 26, 2020",5:02 PM,18 min
rOlBMss8QswDGKs5cgGXyO0wk0s,Mike + vrie full day,"Sun, Oct 25, 2020",11:57 PM,25 min
79_pXE5h5IK2jOwR7o_gxoDrO8c,mom visit thoughts and leaving day,"Sat, Oct 24, 2020",9:37 AM,20 min
VJfkQrwMmpFZrTsl6px8v7R-1us,caz trip,"Sun, Oct 18, 2020",5:58 PM,27 min
u4bl-chfl0Y6Z99_asr-nOHjATk,pastry walk sf pt 2,"Sun, Oct 18, 2020",5:01 PM,15 min
pYLle8JDB8GGOnY1yNA8IVSdLdo,pastry walk sf,"Sun, Oct 18, 2020",3:35 PM,16 min
8qxL6wmDGdkEXcSKZrO4Dc6tlK0,real estate thoughts and knee issue thought,"Tue, Oct 13, 2020",5:25 PM,7 min
jWEpFtxGYRCZHOsJKhFiXpjW0Q0,matt therapy 10-12-20,"Mon, Oct 12, 2020",5:14 PM,11 min
kVjqszXq1I1rQ1sSYqoO88QQTWc,santa Cruz journey part 1,"Thu, Oct 8, 2020",4:58 PM,11 min
kB1Oc43rXlZ6nWTMHuG2e-_MRkc,salt and straw October,"Thu, Oct 8, 2020",2:07 PM,22 min
TxfDhJQpb4dS90pzffN0vclHob0,home bar heroes ideas and intro,"Mon, Sep 28, 2020",10:33 PM,3 min
gzCOPKFZ0wsBDMePQ8ZRYMxylMA,Matt therapy 9-28-20,"Mon, Sep 28, 2020",5:24 PM,15 min
8nYH4OKV2upvM-8Q53FfQODIhn4,matt therapy notes 9-14-20,"Mon, Sep 14, 2020",4:55 PM,7 min
MjQh28qg_id_z6dKy5IOVCrpUso,abbey two,"Fri, Sep 11, 2020",5:24 PM,15 min
cU9s_u-heYmk0iryuSV8ALMg1os,Abbey catch up,"Fri, Sep 11, 2020",5:12 PM,8 min
nBEQWjz0uVwjSEbMfuRq1ioNVks,drinking society 50th,"Sat, Sep 5, 2020",6:18 PM,10 min
JIl1N1GmH3Qg3H_zYNZTJ20vjtw,task opportunity vs planned engagement,"Thu, Sep 3, 2020",11:54 PM,5 min
2ginjtyOyKgSDYiRrj82w8aAUtI,matt therapy notes 8-31-20,"Mon, Aug 31, 2020",4:55 PM,14 min
dzuW8Zpx0GlYUdzmNe6wuMqqaaE,matt therapy notes 8-17-20,"Mon, Aug 17, 2020",5:00 PM,8 min
8gl6p-s77qB81RgF31zxKZupBbY,Matt therapy notes 8-3-2020,"Mon, Aug 3, 2020",4:56 PM,12 min
f0rrexeh-ufkXc7wVaey68NX-JM,arrowhead house viewing,"Mon, Jul 27, 2020",11:50 AM,18 min
xWfdXGLvMK0HO_npS96-8wCAOZQ,matt therapy 7-20-20,"Mon, Jul 20, 2020",4:56 PM,13 min
Qz5RcfM6Y05iKvsKz_OrJQqdcVU,matt therapy notes 7-6-20,"Mon, Jul 6, 2020",4:57 PM,9 min
zhg3-VgBFvDXTL4YiKZsnXtoyuA,yuba river log 7-2-20,"Fri, Jul 3, 2020",10:22 PM,22 min
bvcF8Ydg77uidxSuuTqINkn16oc,brunch 6-28-20,"Sun, Jun 28, 2020",2:32 PM,13 min
W65--K7OScGDeISYJlGNWsJIhcQ,Matt therapy session 6-22-20,"Mon, Jun 22, 2020",4:55 PM,14 min
nfKbVbrPiWo4-GSfwKsqcsdfogQ,Andrea cocktail zoom #1,"Thu, Jun 18, 2020",10:05 PM,10 min
YxbJbM6C3RXrDFiHtDEivARJIww,dream diary 6-13-20,"Sat, Jun 13, 2020",4:07 AM,3 min
F26XGYrGwwNPoZqv6IVnG-4XA5w,Matt therapy notes 6-8-20,"Mon, Jun 8, 2020",5:05 PM,13 min
5TzdGBuYPqSNUJXMpdbX3EXyjBg,dream diary 6-4-20,"Thu, Jun 4, 2020",4:49 AM,2 min
HT0_SsARn2Qty2Th9Nu7FXiLrDM,rich table take out 1,"Sat, May 30, 2020",10:21 PM,9 min
AJT21gLt2RPMMVDiTTFG5NX8MME,meeting kitty and an afternoon out,"Sat, May 30, 2020",8:38 PM,19 min
EA7YtV_nGw5AWrcXOhNq6H0RRcw,Matt therapy notes 5-28-20,"Thu, May 28, 2020",12:59 PM,8 min
eNW_rf4BjqYnJ8QFYDwN2NnydQ4,random REM terrain digital content creation thought,"Fri, May 15, 2020",11:33 AM,10 min
jeWOFzG9pID69bQbMUAE2q3nMc8,dream diary,"Fri, May 15, 2020",5:58 AM,2 min
4_br9Gl1hqptwc0M5nG_jjMpgoI,Matt therapy notes 5-11-20,"Mon, May 11, 2020",5:05 PM,3 min
sblqZiz3VFCuNqADMzi59gJWM18,Matt therapy notes 4-27-2020,"Mon, Apr 27, 2020",4:54 PM,11 min
sMcRbHb8PVambDO9I2lEBel8c6c,Matt therapy notes 4-13-20,"Mon, Apr 13, 2020",5:30 PM,7 min
uthVhtrqhV6EAzC9ULKCG7tDToY,emeli night 2,"Thu, Apr 9, 2020",10:41 PM,15 min
LGeLxC4sEbar3hubzP5F9KyEiuU,vrie and Mike cocktail session,"Sun, Apr 5, 2020",10:18 PM,13 min
JGMgMiH4LYmM6yfd2Wx6QUYP2Wc,Matt therapy notes 3-30-20,"Mon, Mar 30, 2020",4:58 PM,9 min
BWuwfn7nJkFizFy43ysyL-cIGuI,Abbey covid conversation 1,"Thu, Mar 19, 2020",2:31 PM,7 min
yRerCZ6-X_YExX8Wkj8v_BFjeco,Matt therapy notes 3-16-20,"Mon, Mar 16, 2020",5:20 PM,9 min
--_xuPRIadzEZVlvKc1WG6CTbas,ock 3-14-20,"Sat, Mar 14, 2020",10:06 PM,15 min
Dxa7RpWTnQ6BquxWjiyuw73_-0U,Abbey message and thoughts,"Sat, Mar 14, 2020",7:10 PM,10 min
C0LKbwL5h416kk_vDsm2DNht9rw,Fresno homeward 3-14-20,"Sat, Mar 14, 2020",6:54 PM,14 min
I4lN2HondsfALDkPUcX-63zBT4Y,Friday in Fresno,"Fri, Mar 13, 2020",10:16 PM,12 min
d0JkxuP-Qufvkqk5XylvH8uObus,aziza,"Wed, Mar 11, 2020",7:40 PM,15 min
OW-P1gjFv1gmhCGKRNF14vieKuE,orsons belly and gardens,"Wed, Mar 11, 2020",5:40 PM,6 min
SIIjpqg8ZcxiVt7gP2ZEqHqOJyI,"mr holmes, warby, Vrie","Wed, Mar 11, 2020",12:50 PM,12 min
6ee6sDJJlScnHChx7nd_qnYtlxs,thoughts on the future if my living room and bar,"Tue, Mar 10, 2020",10:33 AM,39 min
H_scjg5KMlbv5f15zOxpatQ-3Qs,birthday and next day tidepooling,"Sun, Mar 8, 2020",7:41 PM,31 min
EM477EVCRGH-NC9x7zVaaOBJPUs,Matt therapy notes 3-2-20,"Mon, Mar 2, 2020",5:02 PM,8 min
ANItEtO7oAcY7bLuQ8WbIfQsj7M,whisper sisters and Ruth,"Sun, Mar 1, 2020",8:38 PM,25 min
USIoQ0V2BRGgJSb8-_hjnBku49o,Pearl Petaluma,"Sun, Mar 1, 2020",10:38 AM,20 min
Y3w6wrsg8c6ijkHjGE_Q-7gnodY,movie with Christine,"Sat, Feb 29, 2020",10:27 PM,11 min
ePnon_bYRKiSpyApJFQ2CnBORe8,gemini bottles,"Sat, Feb 29, 2020",2:26 PM,4 min
dvdhLVkrJEM8v2dshmz3apXRKg4,Vrie and Mike house warming meeting 1,"Sat, Feb 29, 2020",2:05 PM,3 min
_RK2yN6nuT6CSbsgj0pYYC0YsVM,tergistan part 2 and true Laurel,"Fri, Feb 28, 2020",11:33 PM,
-Xz3mNbbeH2FxEsnHnkbMTI6l-s,"farmhouse Thai, Tartine, tergistan, Kim","Fri, Feb 28, 2020",11:11 PM,19 min
XnuUFeodciLvHBJkPvAk4aKZLbo,Mr Jiu's,"Tue, Feb 25, 2020",11:18 PM,26 min
f72sJbNitmgfYX28J7c8VadfeGM,viridian,"Mon, Feb 24, 2020",6:52 PM,23 min
m3ycBZDSdhHn9u1SsooxWnajQoo,Matt therapy 2-24-20,"Mon, Feb 24, 2020",1:05 PM,10 min
f53RMol-sOSy2cE5wPAY8zWHQnc,son little,"Mon, Feb 17, 2020",10:53 PM,10 min
Wihge36okezlikkvcqpDaWqvnZI,madcap,"Mon, Feb 17, 2020",7:39 PM,16 min
boXn010sEcC5Psc9h42UBpQ0rBc,hilda and Jesse with Christine plus noir lounge plus souvla dessert,"Sun, Feb 16, 2020",9:41 PM,12 min
kBaHC3aysu7uw4CB_urFQu6tIwQ,dead eye and salt and straw,"Thu, Feb 13, 2020",2:33 PM,7 min
YhHf8jPgdL5EgU9p5NMNGcb8HjU,leaving ka's and niku burger,"Thu, Feb 13, 2020",11:34 AM,15 min
ag1IHr2E7p_JCZz9k2Cdl5Ns3rA,"Oliver hang, papalote, garden creamery","Wed, Feb 12, 2020",7:47 PM,8 min
qXjci64fTzeTfoyESod5l7e4Jr8,plow and bloodhound,"Wed, Feb 12, 2020",11:41 AM,20 min
98lmBnzGvfzSHG1yY3nRLRw5TIw,trivia night 2,"Tue, Feb 11, 2020",8:22 PM,8 min
1eFsGOs1no68QGkSyXLxjrbWxHA,Oscar night,"Sun, Feb 9, 2020",9:35 PM,8 min
e3dpiwcR8Mg2UuGYWLtoJeLHNKE,"pomelo, tide pools, beer dinner","Sun, Feb 9, 2020",10:31 AM,19 min
rHUxjruVc44_kujCdKZTAJro5nI,begonia,"Fri, Feb 7, 2020",11:44 PM,7 min
oQZ05fnRKT2MCktyQzgzC14nDHk,bluestem dinner,"Fri, Feb 7, 2020",6:49 PM,15 min
vtPwESI-3DKpx-kpk0_plwOWpyM,Note,"Tue, Feb 4, 2020",9:15 PM,5 min
XSkNUgNUtTS_xa08NiCZJEnF-H8,mahila pt 2,"Mon, Feb 3, 2020",10:05 PM,3 min
PYVAmvxixYNL1uL2tM6P-Dbpcgs,smitten,"Mon, Feb 3, 2020",9:57 PM,5 min
hGtmYkzgHghCSaz_L94IBbU6R6o,mahila tasting collective,"Mon, Feb 3, 2020",9:34 PM,4 min
pb2sCbgk6MPZ2Qn3j_QpIutioAU,Matt therapy 2-3-20,"Mon, Feb 3, 2020",4:57 PM,7 min
F_Y4_wYQMJEVfeO_3wJ367yroF0,rooh rw2020,"Fri, Jan 31, 2020",9:45 PM,19 min
cbglXa2fNalGEvjajy3FjPC6NIQ,in situ rw,"Thu, Jan 30, 2020",10:31 PM,20 min
8-pvj5JKarVErY6HDaN8c5S2Z6I,hidden self fears and musings while out and about,"Thu, Jan 30, 2020",8:40 PM,4 min
enR2E5KYpmwvozz4co6AvVi-oe0,ock 1-29-20,"Wed, Jan 29, 2020",8:16 PM,12 min
mF_KJY2rky2r8gRI804GZCFBf5A,leaving Fresno 1-29-20,"Wed, Jan 29, 2020",3:35 PM,17 min
isotRau3AmN7rM6lbCsU4fba9FE,Michael kiwanuka,"Sun, Jan 26, 2020",10:49 PM,10 min
HafkYWUlKZdZdNyUE3YAzF4rSGw,longbranch,"Sun, Jan 26, 2020",7:53 PM,12 min
WOkwzVUiEYgfgqLiZCWu9nBq3_o,revival bar,"Sat, Jan 25, 2020",7:29 PM,12 min
cJFZ2_zDA1v06Gcvudbbxs5yIzc,angelas 2020,"Tue, Jan 21, 2020",7:53 PM,17 min
aN9mDEp3pZ7U-wB9DKTLscankXM,salt and straw jan 2020,"Tue, Jan 21, 2020",5:33 PM,3 min
faMLgONPQ9USxxRw8CtzRd7rsMc,elbow at the fox 2020,"Mon, Jan 20, 2020",10:57 PM,8 min
cYsjXecGA2UVnkaWF-keIbzHPmU,bardo restaurant week,"Mon, Jan 20, 2020",7:03 PM,15 min
juHw248VmO_t8JZ615qYgimgE_w,Matt therapy notes 1-20-20,"Mon, Jan 20, 2020",5:01 PM,5 min
qqIoFdDo2IVGpdgLrYTsy1e-ilw,bellanico restaurant week 2020,"Sun, Jan 19, 2020",6:38 PM,13 min
fuIK0z8YXSwTqqCXNR5Ug7PYuuk,vrie and Mike painting day 1,"Sat, Jan 18, 2020",6:00 PM,5 min
wKTbvHv133AuAvoTjZRK998rA3o,renata and stonemill,"Fri, Jan 17, 2020",12:43 PM,16 min
Zz5iqXy3vScNJlEscIJST81TBA4,jjho and bhoha,"Thu, Jan 16, 2020",10:24 PM,16 min
J_X1OLWnRsM3sH54xzzUgYV0FBM,lastaways,"Wed, Jan 15, 2020",10:10 PM,11 min
BaRG5lh1g4_pveitZ8VCLKmXbYE,garden creamery,"Wed, Jan 15, 2020",4:40 PM,5 min
L0z6HZtBpYzltazCCp8y3IndYP0,heading home from Fresno after Ami illness and ampersand,"Sat, Jan 11, 2020",4:19 PM,12 min
_55eD9H-CSKezXoPEr3iDx1lAQo,ampersand 1-7-20,"Tue, Jan 7, 2020",2:15 PM,5 min
hwr9lU0IKmth0HYJsC-J-fPvsNU,Matt therapy notes 1-6-20,"Mon, Jan 6, 2020",5:01 PM,10 min
0tx-pYeITq8OeG8cCfFZui0n85E,Christine just friends conversation,"Sat, Jan 4, 2020",10:46 PM,19 min
-R4YZcBxSbnDEJr01zogTgWBii8,nye 2019,"Wed, Jan 1, 2020",1:34 AM,24 min
oQxOlKsJ1L8ApfxynCi4Q2l1TLM,brunch post mortem,"Sun, Dec 29, 2019",3:01 PM,29 min
u4KfiCJXP4N-og-siY1q2EENUv4,Christine first night together,"Sun, Dec 29, 2019",8:21 AM,20 min
rnHVSIShmbHAx8-e5l0Cw3iIbBs,Fresno exit final office day,"Fri, Dec 27, 2019",6:06 PM,15 min
qUk8cfUUqsrY75M1o5YMh6HdRZ4,rise of Skywalker,"Tue, Dec 24, 2019",3:24 PM,11 min
9MYtamF5D2OYMoOXUNRHWDJO1dc,Note,"Wed, Dec 18, 2019",4:17 PM,1 min
W41cH--ByqgbOuOnI4uun6g3SKU,Fresno departure 12-18-19,"Wed, Dec 18, 2019",3:58 PM,17 min
4Qf5I6HthpKLv4zBWlt2lY0KHfQ,lucys december one,"Tue, Dec 17, 2019",7:54 PM,5 min
xPsdAa9o_1ywqMR8zZmEs_bCvg4,ampersand dec 1,"Tue, Dec 17, 2019",2:39 PM,5 min
sVjrxtj71IOY8uDdF8TbQ1QTm-s,bvr 2,"Sun, Dec 15, 2019",11:14 PM,17 min
z-gvAdbIVtPh_jglYJb1_U00lys,bull valley Roadhouse,"Sun, Dec 15, 2019",11:02 PM,10 min
8ZjoVHiuVCs_2LOSmWyNzlb0u9s,pomplamoose,"Sat, Dec 14, 2019",11:33 PM,6 min
e9ns21yjMRbe_fQHkYnxKcVMJuc,nari,"Sat, Dec 14, 2019",8:33 PM,7 min
0l5yXcbwyn27llV1f8bpOoM3zD8,logging db idea,"Sat, Dec 14, 2019",3:44 PM,11 min
z0b9SOktc6axTMzC59UTSs0TS7c,Zigzag,"Fri, Dec 13, 2019",7:05 PM,11 min
fGcjHGQ0kiE1kOikrqr1JlKX91w,2nd date with Christine,"Wed, Dec 11, 2019",2:18 AM,24 min
Lgxao52YENeRrpPH_i6ygg10eJo,Matt therapy 12-9-19,"Mon, Dec 9, 2019",4:59 PM,9 min
EzjLmK6t1MaiDqC1wsSNHDjs4FU,u dessert story brunch,"Mon, Dec 9, 2019",12:18 PM,17 min
rTfxaeKc80n8jj-M82dahQA9120,bluestem brunch,"Sun, Dec 8, 2019",11:53 AM,9 min
Vof94e0owj3CBDhYcdQV_-_9NAw,urban tavern too,"Sat, Dec 7, 2019",10:53 PM,8 min
qYLpmAL3zHG_tEJFr2WJmFkPjIM,Gibson,"Sat, Dec 7, 2019",10:43 PM,6 min
v8HnGvT_Vl1dyJUpFW3PDuCnbz0,urban tavern,"Sat, Dec 7, 2019",8:03 PM,1 min
Iy23sSaxqET-i35c8XnLvD01uTs,the cavalier brunch,"Sat, Dec 7, 2019",1:22 PM,7 min
VPAcLdEtGz6jz7Pd8I8kfv8NCpc,ock 12-4,"Wed, Dec 4, 2019",8:51 PM,16 min
YEt3q7eVH3Vd10qPP0Q6dHGdbTE,Fresno leave doc,"Wed, Dec 4, 2019",4:38 PM,18 min
d3SkW0ZoR516oqn5HhNKUgPVnOw,body keeps the score and Abbey,"Mon, Dec 2, 2019",9:16 PM,16 min
JRmKu81oqi7kQZfH1M3Q0gUkRRs,friendsgiving 2019,"Thu, Nov 28, 2019",9:42 PM,17 min
GftSmvD5S0_WIZtKlLf9mJwzoz8,fern bar,"Tue, Nov 26, 2019",7:44 PM,18 min
k1h6bnB2Yn6sqj3mamSsO2tHhzo,bird and bottle lunch,"Tue, Nov 26, 2019",2:22 PM,9 min
zfUExMaMu7ilXX-9ps2hMsOPKQM,Matt therapy 11-25-19,"Mon, Nov 25, 2019",4:57 PM,6 min
AUDhLpvxATVO1Rk1Ipk3LCEhfBo,movie with Ben,"Sat, Nov 23, 2019",10:52 PM,8 min
EjWDjc6NAOP1NTLZ1lg17JSveZg,isaac and Rick and Anne's breakfast,"Mon, Nov 18, 2019",9:37 AM,19 min
Wt1SqVrzfAUanNnrSW0MTSw-UPQ,1868,"Sat, Nov 9, 2019",12:10 PM,17 min
vhdixCDuK9uYLZfqKOuBnKuCX98,Jerusalem Saturday and more,"Sat, Nov 9, 2019",8:57 AM,37 min
bade8N9ud3Cy9zyNIHICXnYGkBE,mom conversation around attachment etc,"Thu, Oct 31, 2019",9:52 PM,23 min
kSrMVj0cBAY-ZFS0vYQuSDp6J7Y,orchard City and more,"Thu, Oct 31, 2019",9:42 PM,10 min
Kjwc6i65mb8VS4vAaxGKKTdT2TA,leaving Fresno new two,"Thu, Oct 31, 2019",6:10 PM,27 min
YNAm5YKc5lSgbKuiGwW1_PqDUi8,leaving Fresno new,"Thu, Oct 31, 2019",6:06 PM,1 min
_P3SmrBLCAfcTKZHYyZxTf99g0A,lucys try two,"Wed, Oct 30, 2019",9:03 PM,3 min
yCdxyptgR8ZoWer5OcTIi6ABjHw,lucys late October,"Wed, Oct 30, 2019",9:00 PM,1 min
BUCN2xvbxLh54SNZ2Qfa6lWazGw,Fresno late October day 1,"Wed, Oct 30, 2019",7:01 PM,8 min
xkK4xrmTSwQYfE2fUfCL8gJWULQ,flora the last,"Tue, Oct 29, 2019",8:05 PM,11 min
hEUZ9BQHlgBYRnNiBcgUYFxoVus,Matt therapy notes 10-28-19,"Mon, Oct 28, 2019",4:56 PM,5 min
cYaU6gl8qqlEcN2hCP_3XJL23Wg,Fresno day 3 and heading home,"Wed, Oct 9, 2019",2:20 PM,24 min
usz2ZDPBiaHfNcbN43mwFMmOgdM,annex kitchen,"Tue, Oct 8, 2019",8:38 PM,11 min
vtGnicS-GSzbp9N7_B9R8vnAIII,"Fresno day 2, negotiation","Tue, Oct 8, 2019",7:27 PM,8 min
866cmDkSxKoY-Z_V4XOFM9_ZKxI,lucys the guys,"Mon, Oct 7, 2019",9:23 PM,7 min
rJnYYYXDEJdRe9i-bto1o2FjTwk,vampire weekend,"Tue, Oct 1, 2019",11:13 PM,4 min
NfoexlJ-I1-G-8k37kkCHbP1meQ,last day part 2,"Fri, Sep 27, 2019",4:13 PM,21 min
Z1_pojGepri9pL9-FiYOBxW7_4E,day 30... 1?,"Fri, Sep 27, 2019",8:48 AM,16 min
nDy3lEoxovPG0vjE07vJ6zI970k,podnahs,"Wed, Sep 25, 2019",3:57 PM,9 min
iN5byKQ56l_3unifUhRUgiwcNok,day 28 i think,"Wed, Sep 25, 2019",9:17 AM,12 min
x9JFq5Yf0buWTKtSA-sl9wfdH9U,annaddendum,"Wed, Sep 25, 2019",1:37 AM,1 min
KlQrfGAw_zeRVJ9PczRJM56ip6s,"Caroline, Anna","Wed, Sep 25, 2019",12:59 AM,24 min
kwL7EVBGht8Z32hGHJst9YEBk3k,day 27,"Tue, Sep 24, 2019",4:11 PM,12 min
B25yqyczq9clM0lXrZOd_b5RX-M,proud Mary,"Tue, Sep 24, 2019",9:49 AM,8 min
xQ5j7qQ48KbMsz5uNN3JibvUo3A,ash bar,"Tue, Sep 24, 2019",12:02 AM,7 min
iTbr5FbBsXt1yqvmpJV-sxDI4Y4,teardrop lounge,"Mon, Sep 23, 2019",11:53 PM,6 min
ULTUS9xubW1Ou2LaGtrOUw-SXys,anna and han oak,"Mon, Sep 23, 2019",10:23 PM,14 min
EIq4nvYv-dSu3FnQnIW5ti6FUNA,Scotch Lodge,"Sun, Sep 22, 2019",9:18 PM,15 min
e5kVWuZpAdzaddVcpQUOXXMPq5Q,Olympia provisions Northwest,"Sun, Sep 22, 2019",2:56 PM,9 min
3z4R6l3qPJ1Yg_Ey9l2EF9mQ8pw,Needle and thread plus Canon,"Wed, Sep 18, 2019",11:27 AM,24 min
je-m-JXoAtTphcqt25oJ3KLKuZI,bateau,"Wed, Sep 18, 2019",11:10 AM,16 min
-_5qii4tJbrbnamOyzbEYSOWz-Q,day 22 part 2,"Wed, Sep 18, 2019",11:02 AM,4 min
iy5ZvNzJBA3SjSApqSUzLtRnQdk,day 22 part 1,"Wed, Sep 18, 2019",10:28 AM,4 min
jxCIpOfdftAvsTGeH0CuCQ8CGro,last night in Seattle,"Wed, Sep 18, 2019",9:29 AM,7 min
AlTxe0cbZWSsgItxFkWGHYrpLvw,canon etc,"Wed, Sep 18, 2019",1:36 AM,1 min
J88dQm9hezD49mJFlKxIepIVK1M,needle and thread,"Tue, Sep 17, 2019",11:10 PM,4 min
VHL5KnPS-3SwBi-CifvzV-coGCs,day 21 part 2,"Tue, Sep 17, 2019",1:55 PM,5 min
gTIffIy1KDzdeXmlGtWY0zMHCnE,wandering goose,"Tue, Sep 17, 2019",10:33 AM,8 min
DrmGUlK4cwjb3ropc_2o-o-ZiEw,day 21 part 1,"Tue, Sep 17, 2019",9:49 AM,10 min
ymcFidPtz-3vjHvAmipAoqCJNJI,sun liquer plus dinner,"Mon, Sep 16, 2019",10:24 PM,4 min
csPWElYnCAt4VZJnAJr4oqcjgmE,day 20 part 1,"Mon, Sep 16, 2019",12:25 PM,15 min
SR4qeytMun6FwFUjQG06Z6WFQCM,oeb breakfast co vancouver,"Mon, Sep 16, 2019",11:49 AM,14 min
QvWxQJ_Q4WOB53B-w36g51oQ_qI,the botanist,"Sun, Sep 15, 2019",10:36 PM,9 min
5d2G63E1q68ppIsZ5h3dt0U-wng,uva/uvo Vancouver,"Sun, Sep 15, 2019",3:15 PM,9 min
6bmXsWXT5o7GPjnMZ7WiZPbGAZg,day 19 part 1,"Sun, Sep 15, 2019",9:57 AM,15 min
AVctJ-Sxq20nWdFmvIVTP4wYkpo,day 18 finish,"Sat, Sep 14, 2019",10:28 PM,2 min
pzDMjQxsi44afBOXacfP7qClitA,brownstone actual,"Sat, Sep 14, 2019",10:12 PM,15 min
xKnpfDRg-U0BcCltVotO93SXYio,day 12 part 2,"Sun, Sep 8, 2019",8:49 AM,14 min
SVsFtKQJfTmUqHtgnGDNtjI_euk,"day 12, part 1","Sun, Sep 8, 2019",6:58 AM,12 min
ke3ZFysJc1D1mxelWbA7rGROQ4E,day 9 part 4,"Thu, Sep 5, 2019",7:19 PM,5 min
YtyF6xy00LzrotKEedJX08GAVlo,day 9 part 3,"Thu, Sep 5, 2019",5:04 PM,4 min
akrAtJsz8vrmrVpTR7Z8bNoNIT8,day 8 part 2,"Wed, Sep 4, 2019",12:00 PM,5 min
cYamR2VzpANHMTsCmuNxmgtoBR0,day 8 and snooze,"Wed, Sep 4, 2019",8:58 AM,10 min
XK0DOoUzWjf3YG38vP2oVOQW6mo,bon Iver and smok,"Tue, Sep 3, 2019",9:57 PM,16 min
X1DvwrK7EAfPhczHq_KhwuHmPL8,"day 7, bird, misc","Tue, Sep 3, 2019",9:47 AM,13 min
KxV37HUWJ5k15rUxpjuI4ZljuYo,tatarian bar,"Mon, Sep 2, 2019",11:34 PM,4 min
B3Vc6qYcSythOThYwVw2PtvPeIk,amos lee and etc,"Mon, Sep 2, 2019",10:06 PM,15 min
lXKd1CYPMny1A1q0x9cSflBUFC0,the way back,"Mon, Sep 2, 2019",5:18 PM,11 min
ix-Mt9qaT3cnTGwoe5-mE3AcF2k,"day 6, jelly, etc","Mon, Sep 2, 2019",10:05 AM,15 min
94eEvxY7mr8aRSiS25bWoBDIr6s,day 5 part 3?,"Sun, Sep 1, 2019",10:12 PM,10 min
VFolZ3Ymy13lbXXl87mqGmRjuRw,day 5 part 1,"Sun, Sep 1, 2019",10:08 AM,11 min
Mr82veWHTbAcxwV-WwkBYnXAZv0,fooducopia brunch,"Sun, Sep 1, 2019",9:57 AM,8 min
gs3ax39ikJGRpzVSkTWeQDS2fF8,day 4 part.... whatever,"Sat, Aug 31, 2019",11:36 PM,16 min
QJ62SHgr1GXC13e6av4iqOI641c,day 4 part 2: arrival,"Sat, Aug 31, 2019",2:26 PM,1 min
xmEyVafAAyGSZMg6-MbNRljRbLM,day 4 part 2,"Sat, Aug 31, 2019",12:35 PM,6 min
0H1hmAd34BP_1nozhz3DZLBmQM0,day 2 part 2,"Thu, Aug 29, 2019",5:09 PM,9 min
vjREvlkXKyvvDiIhx2CaSpprrxE,day 2,"Thu, Aug 29, 2019",9:43 AM,10 min
y7S98mZ7zGrWNpwxkWktx4GvTCw,eat your drink again,"Wed, Aug 28, 2019",10:54 PM,5 min
Jkn5TiQFqp4zbwB_cyR6vB-f_dc,running goose,"Wed, Aug 28, 2019",8:05 PM,9 min
j1r6tKYaBMB0RGG4h1cfGXXfv9A,work shift impact,"Wed, Aug 28, 2019",1:53 PM,8 min
wKP8C-BgECGQf4-zduh_-R76OEM,Abbey thoughts,"Wed, Aug 28, 2019",1:41 PM,10 min
j0FE0lxJtVXQsUJs0Wbq2y_69po,big road trip start,"Wed, Aug 28, 2019",11:27 AM,6 min
ws9U7pY9VGaq-JQEYGBFKn7NkOc,"junius meyvant, wtc","Mon, Aug 26, 2019",11:01 PM,19 min
QvER9vcK70Vm7GU1n1fNV4O1CrQ,devils acre,"Mon, Aug 26, 2019",8:09 PM,5 min
mUei37UbefBfs_VMl2QdNVQOWq8,salt and draw two,"Sun, Aug 25, 2019",3:11 PM,4 min
kV_v72ODy9PgH2Is56OszbHWn1c,"brunch, ticket, etc","Sun, Aug 25, 2019",2:43 PM,9 min
64uHYMK0LxYJD6BiEu1pv5eUmyU,hideout,"Thu, Aug 22, 2019",9:35 PM,3 min
RUfJY5C5Nej1xZVkdDl2SvaM0RY,Commonwealth,"Thu, Aug 22, 2019",7:43 PM,8 min
t2kuSXIC4BnP_eVCxaKYLLqlSeI,Matt therapy notes 8-22-19,"Thu, Aug 22, 2019",12:59 PM,3 min
wyomqxqMYeIIDW-qFsbQslg14fs,ock,"Sun, Aug 18, 2019",9:26 PM,13 min
xNsAxkBSVxKIB639ws3skkBuvsw,stardust,"Sun, Aug 18, 2019",6:21 PM,4 min
gbbQkNHxhK_8vC4ym88ynFr3noA,family business big discussion,"Sun, Aug 18, 2019",3:10 PM,23 min
Uz4aHMHnyZpVmePtal9eT2D3m8c,13 prime steak,"Sat, Aug 17, 2019",10:05 PM,20 min
Vu81u1WEgUY4cQ3r43ZZV82JnaQ,alembic unique ingredients,"Mon, Aug 12, 2019",9:18 PM,23 min
YC81X_908rHibfmfwam-9AD9PUc,padracito,"Mon, Aug 12, 2019",6:52 PM,3 min
uDmZUOPe7UCwOldixpikudLpXSI,black sands,"Mon, Aug 12, 2019",6:15 PM,11 min
G6TEbWtj8Hfc5p6p_kp5IexcUmI,Abbey love conversation follow up,"Mon, Aug 12, 2019",5:05 PM,15 min
OzYxxT2XgsyAJedKGQC-uYItHpw,"birnbaumed, Katy conversation about succession","Mon, Aug 12, 2019",2:57 PM,11 min
xiJcA851eId7ACOPoKu4d18OQ0Y,"hillside, evil eye, etc","Sun, Aug 11, 2019",11:26 PM,21 min
6awWkxhcW46Er9kha_KABid5efs,Matt therapy session 8-5-19,"Mon, Aug 5, 2019",5:00 PM,17 min
kmmeVnZipBRh3_6v2KPQggubbgU,"Mike book club, pakwan, Humphrey","Sun, Aug 4, 2019",10:24 PM,19 min
icwlfw3zgODRZYGx-NEWNwos4AY,siggraph cont,"Thu, Aug 1, 2019",8:52 PM,8 min
GYQvLpSwoAmVfn04eERYLrWjtek,siggraph and la wrapup,"Thu, Aug 1, 2019",8:18 PM,14 min
wMcL3KrMDKq8BgKN_ilw8lM75i0,Note,"Thu, Aug 1, 2019",7:56 PM,
KvnDcoNkW6-x0EqZyuCzp8LWvO4,siggraph dump 1,"Tue, Jul 30, 2019",3:38 PM,25 min
lo9QzA__4C5bp6V18W8JI-MCEeE,"yuba trip, Sonia conversation, etc","Wed, Jul 24, 2019",11:06 PM,40 min
mOWX_XLVr7_erIKn6IdcwvECyM8,Matt therapy 7-22-19,"Mon, Jul 22, 2019",4:56 PM,7 min
g0GpcCEOQJsTYLy21Qaqm-52NqA,smitten,"Sat, Jul 20, 2019",8:13 PM,3 min
ghx1jCZVyEq9_Vrl6sb8ePO3xxI,Note,"Thu, Jul 18, 2019",11:35 PM,4 min
-nFXdR8xNsiPXu_0xa80sZdOSL4,evil eye and als deli,"Thu, Jul 18, 2019",11:24 PM,7 min
he-ynGX1E8aDn1lKw73jNbUVJd4,riders,"Wed, Jul 17, 2019",8:50 PM,8 min
2m8oVs5iwpHzkazv2V7Ot_ia4bo,paper plane sj,"Thu, Jul 11, 2019",8:03 PM,19 min
XyKmimJBLlUqQDmwJzqZb0GOMbA,isaac real estate conversation recap,"Thu, Jul 11, 2019",3:56 PM,28 min
gv4efjzakB8cZPSctOEQWJvuGh0,lucys blue drank,"Wed, Jul 10, 2019",9:52 PM,12 min
Vog9MlGfZlOpUwRVkZkob93JIuI,ampersand 7-10-19,"Wed, Jul 10, 2019",8:38 PM,2 min
jLb024yb-W9bayIAXW6MD252TbQ,real estate boss 2,"Wed, Jul 10, 2019",8:36 PM,1 min
qRbs60yKXF82svs4bAwT7E3BeRc,real estate boss musings,"Wed, Jul 10, 2019",8:23 PM,6 min
HiKUPk7J0I5_9yN6HRWkqnQKiZs,lucys one off,"Tue, Jul 9, 2019",9:51 PM,4 min
5B_bMo9Vpkwyrsnufc_OythfEvg,13 prime steak,"Tue, Jul 9, 2019",9:10 PM,13 min
tvSG9SnBSRFXMzN8UR5ZzTu8t88,untethered soul notes 15-16,"Tue, Jul 9, 2019",3:41 PM,8 min
TOKCD6xISHUOfuFb6pMjmsCo5c0,Fresno bound and catch up logging,"Tue, Jul 9, 2019",2:56 PM,23 min
Ns5uzMwmoXZZ80Bhgo-yK3edy_s,matt therapy 7-8-19,"Mon, Jul 8, 2019",4:57 PM,10 min
9feO1hXJxAGk6GHNmpk7FaHUbhU,Mike's party,"Sun, Jul 7, 2019",9:57 PM,14 min
5PgIjGZ-RgvGupD98J_xnPzHwVA,Taylor stitch,"Sun, Jul 7, 2019",4:59 PM,2 min
KPH3Yuts9ToCJtN8ewibU6dVeuo,garden creamery 7-7-19,"Sun, Jul 7, 2019",4:19 PM,3 min
9nRCIaNt_munpfnw3P0oXbn-E_Q,caravagio,"Sun, Jun 30, 2019",9:53 PM,5 min
CKnt719Wg6HD6YRkUCiW82loZsQ,mourad,"Sun, Jun 30, 2019",8:47 PM,12 min
IIvrAXvyHCSkRtfOtmUoeK9CtB0,yeasayer fillmore,"Fri, Jun 28, 2019",11:23 PM,8 min
f77vgJrsToJvtmt9CJ_N51ofYJQ,the progress,"Fri, Jun 28, 2019",10:36 PM,7 min
XromBrUPxX1E87DceKT9yIPtS7U,"southpaw, beehive, wildhawk, garden creamery","Fri, Jun 28, 2019",8:51 PM,22 min
esBdPluQZlqtbUmN4ppv_lHIbDs,cask Copper and Kings tasting,"Fri, Jun 28, 2019",5:52 PM,15 min
Bbx-PvTfleixAKu3LmMc0Xg_M-U,here's how,"Thu, Jun 27, 2019",11:28 PM,5 min
JIBY9IfoMDI8y1P8w3dlFhPQZJ0,synsyn,"Thu, Jun 27, 2019",10:38 PM,8 min
RbTQD24lIjXu4tSqGJTdnLre6aU,East end etc,"Tue, Jun 25, 2019",9:06 PM,17 min
8pYNP5DmJSB-mfohItmsXb38pHU,synesthesia negroni event,"Tue, Jun 25, 2019",5:45 PM,10 min
z_espeWfC3_L6VuZtG8ZNxE1o38,salt and straw 6-24-19,"Tue, Jun 25, 2019",2:55 PM,3 min
u4UYZXZQVdu9yShpoTtZez3jG2s,Matt therapy 6-24-19,"Mon, Jun 24, 2019",4:57 PM,6 min
bCnxDW_lMt9nb4N0uEgkf3HFC0I,orchard City kitchen,"Thu, Jun 20, 2019",9:05 PM,22 min
K4Vt2IZ4IENcd-sXXTXzTq_jFks,little leaf,"Thu, Jun 20, 2019",5:00 PM,2 min
kA8bISlb2zxkLuWAoVbRdoMVNNM,Fresno to home,"Thu, Jun 20, 2019",4:28 PM,20 min
UVgLqB-VYDYExcSP_NozUQur6Gs,isaac and friends,"Wed, Jun 19, 2019",11:31 PM,6 min
XP_DckFF7zTjx5VD8gK26B6J_88,Lucy's and etc,"Wed, Jun 19, 2019",8:57 PM,9 min
QKGKjs0nu9kYyznYcPqJt3aPmWQ,ampersand Tuesday,"Tue, Jun 18, 2019",10:24 PM,4 min
B9bqDSc19ePsbVsaRggbca8xgvQ,fresno way down,"Tue, Jun 18, 2019",8:14 PM,5 min
NgxcMZlSkr1H0WIO4xZOk3vzE7Q,mago,"Tue, Jun 18, 2019",7:38 PM,16 min
M5KVRpoPbzAC0oEMgnuC7L1WNk8,East end dinner,"Mon, Jun 17, 2019",9:05 PM,12 min
ROhOueO55i0mLQl5La6d8BEADK0,camping part 2 and home,"Mon, Jun 17, 2019",6:47 PM,16 min
EzNjGVLLRvUgv5e8f78_mTE6HDI,ava bday camping part 1,"Sat, Jun 15, 2019",6:19 PM,34 min
gXvGneZ6kqIUa8Zy3EOVl-y1F6E,matt Therapy 6-10-19,"Mon, Jun 10, 2019",4:59 PM,10 min
LXyUJ_QuRPbwrfM1ApkjX5o_mhc,rivoli,"Sun, Jun 9, 2019",9:08 PM,10 min
KJWFe-aaefD_Y6Va4XFsWPCFcpM,Fresno to home,"Sat, Jun 8, 2019",11:19 AM,18 min
eX7vrUwAwJPSIW7vX5zSJtPeHPg,Lucy's lounge,"Thu, Jun 6, 2019",10:44 PM,8 min
SkDIiHE-UPfBNK9khMUXQpfh9Es,la Fresno part two,"Thu, Jun 6, 2019",3:23 PM,9 min
ggC5XLFkjBCK49Dlk1Tpl7-1aV4,la to Fresno and food part 1,"Thu, Jun 6, 2019",12:57 PM,24 min
6BRPgg3dwME6dIvwEsCgyqCHq7s,matthew biancanello residency,"Wed, Jun 5, 2019",10:09 PM,6 min
WClppC_mBIhYVy7lV7_FXgT06Ts,the untethered soul notes 2,"Wed, Jun 5, 2019",2:21 PM,14 min
I9-YAzeilgAaxg2cyO1FxMqMFYY,"Vegas, la","Wed, Jun 5, 2019",10:47 AM,12 min
YcD-_rG32xEqHN0mpa5hZq-Dbn0,moki restaurant springdale Utah,"Tue, Jun 4, 2019",8:15 PM,12 min
lTPMaIyoQZ0nzN5nPDW-9Uy1UrQ,utah day 5 part 1,"Tue, Jun 4, 2019",12:19 PM,32 min
c2TAM5BOK5qOFnv9m6sDN9y661M,utah day 4 final,"Mon, Jun 3, 2019",7:22 PM,4 min
PkT9DpJkL-IjtZf493yDOTG9yPU,idk BBQ in tropic,"Mon, Jun 3, 2019",5:46 PM,8 min
J3EMcYKEVCljvwDZabIoZMwJh3A,Utah day 4 part 2,"Mon, Jun 3, 2019",3:14 PM,12 min
2Vi3YkLtGsug0EjxK6_f6dHoTfQ,utah day 4,"Mon, Jun 3, 2019",8:05 AM,30 min
t3Ui3PxcPbFea2gL1t5nMs2qdnI,utah day 3 final,"Sun, Jun 2, 2019",8:42 PM,6 min
3dCgqLCS8-GgibvV-Ayxyr8mz94,capitol reef inn and cafe,"Sun, Jun 2, 2019",6:42 PM,11 min
XJas30n02cRnb6LJjdwSLLY7Dxo,"utah day 3, part two","Sun, Jun 2, 2019",11:32 AM,15 min
5X4C15K4b8oZn8mxibQacIZEVPY,untethered soul chapter 7,"Sun, Jun 2, 2019",10:58 AM,12 min
-vkazIAtIGrT6RlLUGalc3eR7sU,Utah day 3,"Sun, Jun 2, 2019",5:07 AM,25 min
g3y-Wc2tnBbc86H36tHcSVfBVtM,day 2 wrap up,"Sat, Jun 1, 2019",10:42 PM,6 min
kLVfKSspdlwLPrG6TWdJreS2qTM,"arches, etc","Sat, Jun 1, 2019",7:35 PM,10 min
k3hZ0TTiAR3GSaBXG87wExh6BRU,la sal house,"Sat, Jun 1, 2019",6:35 PM,17 min
o3E2FeZ3rj3_6q7foBuN_ZH5ql4,utah day 2,"Sat, Jun 1, 2019",8:57 AM,43 min
FKeBz8l4XR6tUt9NRdtHyIOdG0Q,Utah log 1,"Fri, May 31, 2019",10:32 AM,14 min
3-_mUho7GzXRAwy6HwL6Zr3pp2s,smitten,"Tue, May 28, 2019",3:05 PM,4 min
mZwWD4dkbf625V1rt4KL0OW1fo8,dyafa,"Tue, May 28, 2019",2:37 PM,11 min
F84DV43Ozi2hV-7Z49EMmZb2Pp8,screamin mimis,"Thu, May 23, 2019",9:36 PM,4 min
CbOMAByqNSjL_0y0Vd6Yd14xhMA,Fern bar,"Thu, May 23, 2019",8:53 PM,10 min
nbMnbZZzucYKVbKgLI3XxPPMXCI,King ridge the rest,"Thu, May 23, 2019",2:58 PM,22 min
mFYYr2xXhasEMd60bqcE-0lcXUI,King ridge thoughts,"Thu, May 23, 2019",2:51 PM,4 min
19ui_t6NrbPcfvy7uHtlkyKa37E,pearl Petaluma,"Thu, May 23, 2019",1:15 PM,7 min
nABCLKvL57O8ZAjbPrjj3o4f0Jc,laszlo,"Wed, May 22, 2019",8:31 PM,10 min
YQ1kZr4p3i7QWrEho4wu31hDAfY,day with vrie and dinner at blue plate,"Mon, May 20, 2019",9:55 PM,18 min
vJSieGY0ciIUMrRQ-ZhLEICHq0g,perle wine bar,"Mon, May 13, 2019",6:45 PM,14 min
8tq1xdfLtZc3gDHmvdiqpdGgNos,Matt therapy notes 5-13-19,"Mon, May 13, 2019",5:01 PM,7 min
hLO_9wZTSyI0fzmWrtUyzWZU_o8,plum bar,"Thu, May 9, 2019",8:05 PM,8 min
R4R4U-lFu1OW5IY4Uc5xdS9Q86k,matt therapy 5-6-19,"Mon, May 6, 2019",1:03 PM,11 min
0M1YT8G9FUIUiFoG6mTQ77eBIXI,hot chip and Abby,"Sat, May 4, 2019",11:52 PM,10 min
xgZTrBMwUgV9SbP2NUyCn-6-ytE,orchard City kitchen,"Thu, May 2, 2019",8:28 PM,18 min
pVpvDCd4Z2QRovRXthMPV-EphOs,matt therapy session 4-29-19,"Mon, Apr 29, 2019",4:59 PM,14 min
xPrBulT6XKM-gf7MzMw0bNJgOOg,Abbey times,"Sun, Apr 28, 2019",5:18 PM,30 min
UTTmK5v7yObPO2HnWaofQ1o1Twc,trick dog etc,"Fri, Apr 26, 2019",9:11 PM,16 min
-N6X3hUr48j6V7xJk8J1Zknmy8c,Maggie Rogers,"Fri, Apr 19, 2019",10:46 PM,4 min
-nr8V-h83lafjO6Y3lOh_nehtkY,Matt therapy notes 4-15-19,"Mon, Apr 15, 2019",5:01 PM,12 min
-9YuhY9j9OUxvKUzz2WpCbSyVJk,Grandpa memories and misc.,"Sat, Apr 13, 2019",7:19 PM,37 min
w-5MPZmhgWIRXGmWLUx-AtsfQ4w,taking care of Abbey thoughts,"Sat, Apr 13, 2019",1:51 PM,8 min
sJBdFEr5Xu5EzLINg3ddrqrXzVc,julie Arora foundation,"Sat, Apr 13, 2019",12:59 PM,23 min
0QoseDC-xtz1QwnrLEwJD9TA0xw,Matt therapy notes 4-1-19,"Mon, Apr 1, 2019",4:59 PM,11 min
LPsF5FrWp-igNPi6ZIL8TwmB3k4,synsyn 43,"Thu, Mar 28, 2019",9:58 PM,11 min
jHCZlPt6dSU-gmY6SEsyMgiD5b0,entrepreneurship podcast notes,"Sat, Mar 23, 2019",2:26 PM,7 min
zOGLm6fO05NoxzaNFLN-deQ5tmg,ampersand,"Sat, Mar 23, 2019",2:00 PM,3 min
lhLs4qC5_FL4nhrSKKpHnUpdC8A,Recording of mom while on drive home from Super Bloom,"Fri, Mar 22, 2019",10:24 AM,31 min
oT8oBpidWM_563mAAxF7-GFe4GI,70th anniversary conversation,"Tue, Mar 19, 2019",6:45 PM,2 min
BcIBOCM6dD1Juei7IaUq10liDIU,third culture and misc,"Tue, Mar 19, 2019",1:49 PM,9 min
GrvmuehBasgVvwW5JuGfX8ssdc4,Matt therapy notes 3-18-19,"Mon, Mar 18, 2019",4:59 PM,7 min
vpfClKYzBtMlv0YHsmeevmbHHV4,birthday weekend,"Sun, Mar 10, 2019",7:26 PM,1 h 14 min
CK1xUbDpctDiz0ZuCMrAC1ZogR8,birthday rich table,"Thu, Mar 7, 2019",8:15 PM,14 min
DmgvHNnIj2WZaIUOXkm-FecjEMs,Matt therapy 3-4-19,"Mon, Mar 4, 2019",4:57 PM,6 min
HWFwLVX3usqngi3qIBdNzHjToco,paul,"Thu, Feb 21, 2019",8:41 PM,9 min
VTGqAl1xHOGqCdvgk66UO5KCROc,media noche,"Tue, Feb 19, 2019",12:36 PM,8 min
FCQICokL3XrxdodiMOp__EycoDc,matt therapy 2-18-19,"Mon, Feb 18, 2019",5:04 PM,13 min
fbq8AI-C9-bhqX71IWhx5LzSHfw,Gregory Alan isakov and concert thoughts,"Fri, Feb 15, 2019",11:15 PM,10 min
zIKF9d6zJIaZ9hEWpIbECnlQfDg,noon all day,"Sat, Feb 9, 2019",1:09 PM,6 min
zfc6qDn6gHxjrVyukLf3-IC-5uE,science of cocktails,"Fri, Feb 8, 2019",9:15 PM,4 min
0q9upU3XI9YOiHq2-SklJZZU3wI,epsom and youtubing,"Fri, Feb 8, 2019",8:10 PM,2 min
LP3ipr8Hj168Zu1L_-Iz65t39nk,third cousin etc,"Fri, Feb 8, 2019",7:53 PM,17 min
dSsHbfNwPhNhrIKPLnW75aWjK3g,Matt therapy notes 2-7-19,"Thu, Feb 7, 2019",2:56 PM,8 min
ogT3sKBVe_vNYWLnJeYK91-BqxM,wild child and horsefeather,"Sun, Jan 27, 2019",11:27 PM,7 min
j9PO2C3ps1oIjRA4CwVPLtNExsU,chapeau,"Sun, Jan 27, 2019",7:22 PM,11 min
NLT0Hhn9mdB_S6Fbtdveg7xTlso,synsyn notes,"Sun, Jan 27, 2019",3:07 PM,1 min
1Y3Z_lk2cWV6ap1SH0Rz5aeHik0,la marcha,"Fri, Jan 25, 2019",7:01 PM,12 min
f0c1f_jBcshb1xdCPgMtrh2afKY,Colter wall,"Wed, Jan 23, 2019",10:44 PM,6 min
DAntlta_Fv4W2EHvPAwL8i47BHs,two interesting unrelated thoughts,"Mon, Jan 21, 2019",5:26 PM,6 min
BvqW22Cl8JzcBLz7Y96vSulcKK8,matt therapy notes 1-21-19,"Mon, Jan 21, 2019",4:58 PM,5 min
H4VrXH5Ls-QkkK26ED6Y3H7Jgk0,date with Emily,"Mon, Jan 21, 2019",2:47 PM,11 min
bfU-p6zhnDWMJ3wGzT0e92NJut8,jjho and blackbird etc,"Fri, Jan 18, 2019",10:05 PM,14 min
2ecJ_n_2B0Qdw2YnLz7CwIQvIqs,kitchen story,"Fri, Jan 18, 2019",5:58 PM,5 min
ZWT3fFW4TAaUKS0tyqVlngQAJB4,Bluestem.m4a,"Thu, Jan 17, 2019",4:56 PM,8 min
